,Name,Address,Details,Verification,Listed_Years
0,Z.M Enterprises,"DHA phase 7 extension Karachi, Karachi, Sindh","Z.M Enterprises is a real estate and general trading company we deal in Bahria Town Karachi plots, apartments and villas and also deal in all phases of the DHA Karachi.. So you can feel free to contac...",Verified,+4  Years with us
1,Arcon Associates,"Office No 1, First Floor Nehal Plaza KBHS Society New Airport Road Lahore Cantt., Lahore, Punjab","Arcon Associates Pakistan is a versatile firm offering a wide range of services including Architectural Design and Planning, General Construction & Construction Management, Real Estate Advisory, Prope...",Verified,+7  Years with us
2,Wadaan Enterprises,"Plot 29 C Lane 6 Ittehad Commercial DHA Karachi, Karachi, Sindh","We are Dealing in all sort of properties Sale, Purchase, and Rent Only in D.H.A Karachi (All Phases). We have many locations for sale n Rent.",Verified,+8  Years with us
3,Nasar Estate,"335-B, Iqbal Avenue Khyaban-e-jinah Road Near Shakut khanam Hospital Lahore, 54770, Lahore, Punjab",We are real estate compny in Lahore established in 2000. We are providing risk free services to our clients in dealing of plots and houses sale purchase. We also deal with commertials plots and buldin...,Verified,+7  Years with us
4,Rahman Property Dealer Timergara,"1st FLOOR LAST BLOCK ZEB CITY CENTER TIMERGARA DIR LOWER KPK PAKISTAN, Timergara, Khyber Pakhtunkhwa","RAHMAN PROPERTY DEALER & MOTER BARGAING CENTER LOWER DIR TIMERGARA IS THE MOST TRUSTED DEALER AND DIR LOWER AND DIR UPPER AND MALAKAND REGION, RAHMAN PROPERTY DEALR IS ONE THE REGISTER REAL-ESTATE FRO...",Verified,+6  Years with us
5,The Palm Residential Apartments,"523,Service Road West,Main Expressway,Islamabad, Islamabad, Islamabad Capital Territory","THE PALM is an exciting project on the verge of Pakistanâs two most iconic cities, Islamabad and Rawalpindi. Situated at Islamabad Expressway, adjacent to Radiant School and near Faizabad Interchange,...",Verified,+6  Years with us
6,Sarfaraz Hamid Properties,"25-MB Phase 6 DHA, Lahore, Punjab","Sarfaraz Hamid Properties provides Best in DHA real estate services after chohan estate. Our agents have very precise knowledge of DHA and you can find Farmhouse Land for Sale on Barki road 4, 8 and 1...",Verified,+4  Years with us
7,Arish Associates,"11-C Lane 7 Ittehad Commercial DHA Phase 6 Karachi, Karachi, Sindh",Arish Associates is one of the leading real estate services operating in the city of lights Karachi. We deal in buying and selling of residential and commercial properties in multiple developed and de...,Verified,+6  Years with us
8,Gillani Estate & Builders,"Office No. 10, First Floor, Executive Complex , G-8 Markaz,, Islamabad, Islamabad Capital Territory","We have been running a well known and standardized firm for last 12 years, really successfully regarding the property matters in PECHS (Pakistan Employees Co-opeative Housing Society, ISLAMABAD), MPCH...",Verified,+10  Years with us
9,Nouman Estate & Builders,"74-A-3, Block D1, Liberty Market, Near Capri Cinema, Gulberg III, lahore, Lahore, Punjab",Nouman Estate & Builders was established in 1999 and it was formed by overseas returned Pakistani. His passion towards the industry forced him to get into professional venture. We offer our clients di...,Verified,+6  Years with us
10,Chanab Estate,"4 # Pakistan Plaza PH I, CITI Housing (Pvt.) Ltd Gujranwala., Gujranwala, Punjab",Chanab Estate Established Since 1997. our main office at CITI Housing Gujranwala. PH I Pakistan Plaza. and one of the top Property adviser in the region uncountable property deals have done in previou...,Verified,+7  Years with us
11,Lodhi Builders & Estate,"1-Rana Plaza, Opp. Rasheed (Aadil) Hospital, Main Boulevard, D.H.A. Lahore., Lahore, Punjab","Lodhi Builders & Estate Our mission is to provide investors with superior returns through an investment in real estate business. We must conduct our property business fairly, with honesty and transpar...",Verified,+7  Years with us
12,Mateen International,"B # 20, Sector S-II, Gulshan-e-Maymar, Karachi, Sindh",âMateen Internationalâ have concerning with the field of Renovation Interior DÃ©cor & Outdoor Designingâs. We âMateen Internationalâ with our Professional team members do creative efforts to get sure r...,Verified,+6  Years with us
13,Al-Hussain Properties,"Office 4 & 5, 1st Floor, Al Furough Heights, Sir Syed Boulevard, Sector J, DHA-II, slamabad., Islamabad, Islamabad Capital Territory","Al- Hussain Properties ( ISO 9001:2008 Certified ) deals in all sort of property matters such as sale,purchase,hiring for rent comercials and residential properties in Defence Housing Authority ( DHA ...",Verified,+8  Years with us
14,"Al-Hassan Estate , One of the Best Estate Real Estate in North Nazimabad, DHA karachi","Suite No. M-67, Mezzanine Floor, Gulfway Shopping Mall, Block 8, Karachi, Karachi, Sindh","AL HASSAN ESTATE NNMAIRAS MB & CO Real Estate & Real Property Dealer & Advisor, One of the Best Growing Construction Company in Karachi Who have planers , Expert Engineers, Responsible Staff and Very ...",Verified,Updated
15,BOUTIQUE HOMES ISLAMABAD,"3a, street 70, F8/3, ISLAMABAD, Islamabad, Islamabad Capital Territory","Boutique Homes Islamabad are customized, single family homes, built in different areas of Islamabad. We Offer spacious & modern design, state of the art construction, modern conveniences, artful furni...",Verified,+4  Years with us
16,ilaan.com,"26A, Block J3, Johar Town Near Expo Center, Lahore, Pakistan, Lahore, Punjab","ilaan.com - simple and easy solution for listing and showing properties on internet to country audience via our intelligent products to the people! who is looking to buy, sell or rent out property. We...",Verified,+6  Years with us
17,Ismail Estate,"Shop no :1 Gulshan-e-Iqbal block-11 behind Metro Karachi,Pakistan, Karachi, Sindh","Ismail Estate Running a Property business of sells & purchase ,plote alotment,sale deed,property papers transfer,gift deed,Property power attorney. Ismail Estate is here to serve you to build a home ...",Verified,+7  Years with us
18,Saddam Estates,"Building No. 17-B, 2nd Floor, Main Commercial Area, Sector-C, Bahria Town, Lahore, Punjab",Saddam Estates is a team of professional real estate consultants. We provide the best investment opportunities to our general and corporate clients. Saddam Estates has been founded on the basis of pro...,Verified,+8  Years with us
19,Saif Group,"LG-Town Heights, Old bara Road, University Town, Peshawar , Peshawar, Khyber Pakhtunkhwa","Saif Group (Pvt) Ltd. | A Symbol of Dignity | A Leading Real Estate Company Saif Group (Private) Limited is a top real estate development and marketing company located in Peshawar, and has also and of...",Verified,New Company
20,Ali Builders & Developers,"Suite #: 33, Crown Center, SB-1, Block 13-C, Gulshan-e-Iqbal., Karachi, Sindh","Ali Builders & Developers are one of the top realtors and construction company in Karachi, Pakistan. You can also find the top real estate agents of Karachi at Ali Builders & Developers. Ali Builders ...",Verified,+4  Years with us
21,RightDeed.com | Pakistan Largest Property Portal,"191 Street 11, Sector Y DHA Phase 3, Lahore,Punjab, Pakistan, Lahore, Punjab","We strive to provide a high level of professional service whether you are a possible buyer or a vendor. Whether youâre interested in buying a home or selling one, our team of property professionals wi...",Verified,+4  Years with us
22,Sadaf Estate,"37 c lane 4 bukhari commercial, Karachi, Sindh","Trust worthy Real Estate in Bukhari Commercial Karachi, Sadaf Estate, Since 1998 Our prestigious clients have trusted us for their real estate need, we give credible and sincere property advice to our...",Verified,Updated
23,Sky Marketing,"College Rd, F-7 Markaz, Islamabad, Islamabad Capital Territory",Welcome to the rapidly emerging Real Estate Company Sky Marketing Islamabad; working from last 15 years. Our Professional Team is serving many housing societies for marketing purposes and has complete...,Verified,+5  Years with us
24,Dha Realtors,"1st Floor 83 K DHA Lahore Pakistan , Lahore, Punjab",Our firm pride stands on two basic principle customer first and transparency flaring a staff quality enough to enough with any client strengthening our clients trust. We priority our clients as we ear...,Verified,+5  Years with us
25,Green World Real Estate,"32-KM, Main Ferozepur Road, Near Ferozpur City Lahore, Lahore, Punjab","Green World Real Estate is one of the leading real estate services operating in the City Lahore. We deal in buying, selling of residential and commercial properties in multiple developed and developin...",Verified,+6  Years with us
26,"Gulistan Colony Nowshera-Mardan Road, Risalpur","Head Office No. AF-01, First Floor, Quaid Plaza, Near Jamia Masjid, Aziz Bhatti Road, Nowshera-24100, Khyber Pakhtunkhwa, Pakistan., Nowshera, Khyber Pakhtunkhwa","Gulistan Colony Nowshera-Mardan Road, Risalpur Gulistan colony is ideally located on Nowshera-Mardan Road and adjacent to Risalpur cantonment. It is situated at a distance of 2 minute drive from Risal...",Verified,+6  Years with us
0,Redwood Properties,"E 25 Main Jinnah Boulevard Commercial Area. 1st Floor National Bank DHA Phase 2 Islamabad, Islamabad, Islamabad Capital Territory","We help investors and developers deliver on large, complex real estate projects on time and to budget. We provide a full suite of strategic consultancy services across the real estate value chain from...",Verified,New Company
1,Zameen Foryou,"Muslim Town Lahore Punjab Pakistan, Lahore, Punjab",Zameenforyou is the Pakistanâs largest online Real Estate Portal-Providing best Property services for buyerâs sellerâs landlords and all type of real estate agents in Lahore Karachi and all over Pakis...,Verified,+5  Years with us
2,AL NOOR ENTERPRISES,"Flat # 102, Khawaja Arcade, Makki Shah Road, Hyderabad., Hyderabad, Sindh","Al-Noor Enterprises is very reputed among Builders of Pakistan, due to its experience, professional skill and integrity. Al-Noor Enterprises is such a fine blend of qualified engineers and perfect arc...",Verified,+8  Years with us
3,Fakhri Trade Centre,"SR-6/10, Shara-e-Liaqat, Karachi 74200, Karachi, Sindh","Fakhri Trade Centre is a prime business and commercialy located in the vicinity of I.I chundigar Road & M.A Jinnah Road. Total of 170,000 Sq.ft. 14 Floors. Wide open floor space. Dedicated areas for ...",Verified,+9  Years with us
4,Lahore Hostel Wapda Town,"147/H1, Opposite Royal Hospital, Wapda Town, Lahore, Punjab",Hostels in Lahore were poor before we have figured out all issues which were being faced by students and jobholders. Our effort has made significant improvement in quality of residence and mess becaus...,Verified,+7  Years with us
5,Property Hut,"Residence 21, DHA.1 , Islamabad, Islamabad, Punjab","The Property Hut started with the vision of one man. His name is Imran Faryad, He is CEO of Enhance Technologies- eteck, His dream to transform the real estate sector of Pakistan and elevate it to bri...",Verified,New Company
6,AFCO ENTERPRISES GROUP OF COMPANIES,"5MB, 4TH FLOOR , PHASE 6 DHA LAHORE , Lahore, Punjab","We take pleasure to introduce ourselves as AFCO ENTERPRISESÂ® GROUP which is one of the largest groups in Pakistan affiliated with local and international partners, established in 2004. We have more th...",Verified,+7  Years with us
7,Ali Rathore Associates,"156, 1st Floor, G block, Phase 1, Commercial Area, DHA, Lahore, Pakistan, Lahore, Punjab","Find property to Buy, Sell or Rent in Lahore. We provide Interior Design, Paint, Architecture, 3D, Construction & Renovation services in Lahore. Tel:+92-42-35723477",Verified,+5  Years with us
8,Deal & Deals,"1st Floor, Fortune Plaza (Savour Foods Building), Block H, Jinnah Avenue, Blue Area Islamabad., Islamabad, Islamabad Capital Territory",Top Real Estate Marketing Agency In Islamabad. We have more than 10 years of experience in property management and real estate consultancy services. Deal & Deals is a real estate agency that offers a ...,Verified,New Company
9,Imlaak real estate,"208 FF CCA DHA Phase 4, Lahore, Punjab",Imlaak offers a research team who has the advantage of a huge portfolio of properties as well as an intimate and unparalleled knowledge of property values across DHA and Lahore for your perusal so as ...,Verified,+6  Years with us
10,Karim Housing PVT,"Address: 3rd & 4th Floor Rufi Trade Centre, SB-29 Block-13/C Gulshan-e-Iqbal, Karachi., Karachi, Sindh",Since 1980 Karim Housing group of companies is an entity which is distinguished by its boldness of vision and the confidence confidence it displays in taking on the toughest of challenges. With a vast...,Verified,+5  Years with us
11,Menhir,"UG-150, Defence Residency, DHA 2, Islamabad, Pakistan, Islamabad, Islamabad Capital Territory","Since 1998, with our head office in Islamabad, Pakistan; with the Construction Lisence from Pakistan Engineering Council; we are providing Turnkey solutions for your Construction needs may it be Archi...",Verified,New Company
12,MENHIR BUILDERS & DEVELOPERS,"UG-150, Defence Residency, DHA Phase 2, Islamabad, Pakistan, Islamabad, Islamabad Capital Territory","Since 1998, with our head office in Islamabad, Pakistan; we are providing Turnkey solutions for your Construction needs may it be Architectural, Engineering, Interior Design, Construction, General Bui...",Verified,New Company
13,Al Bilal builders,"5-C-1 Main PIA Road Johar Town Lahore, Lahore, Punjab",Al Bilal Builders is a Real Estate consultancy company provide sales and purchase of property and also help the client to get best cost estimation according to their needs and requirements.,Verified,+5  Years with us
14,Athar Associates,"15-B Sec- C Commercial Area Bahria Town, Lahore, Lahore, Punjab","Want to buy, sell or rent a home in Bahria Town Lahore? You need to contact a specialist Bahria town lahore property agency like Athar Associates. Athar Associates - Your one-stop shop to buy, sell, o...",Verified,+8  Years with us
15,Multiplierz Group,"523,Service Road West,Main Expressway,Islamabad , Islamabad, Islamabad Capital Territory",MULTiPLiERZ GROUP is one of the leading Real Estate Companies in Pakistan. We deal in real estate and have a vast network of National and International buyers and sellers in major societies of Pakist...,Verified,+6  Years with us
16,National Advisory Forum,"Office No. 3&6, Ground Floor, Idrees Chamber Talpur Road, Opp: NBP Head Office I.I. Chundrigar Road, Karachi, Karachi, Sindh","""National Advisory Forum"" represent a team of professionals with multiple disciplines collaborating to provide Financial, Legal & Tax Advisory Services to valued clients. ""National Advisory Forum"" is ...",Verified,+8  Years with us
17,Nestleap Investments,"111D commercial EME DHA, Lahore, Punjab","Nestleap investments a real estate company based in Lahore, Punjab, Pakistan. We are providing the best opportunities for your future. We have many safe projects in Lahore, Islamabad, Karachi and Duba...",Verified,+4  Years with us
18,Paklanders Private Limited,"#02 Hill Heights, Hill Road, Sector E-11/2 , Islamabad, Islamabad Capital Territory",Paklanders Real Estate (pvt) ltd. is a real estate marketing firm deals in projects all across Pakistan and UAE,Verified,New Company
19,SHAN BUILDERS & DEVELOPERS (PVT.) LIMITED,"3rd floor, Waheed Plaza, Jinnah Avenue, Blue Area, Islamabad, Pakistan, Islamabad, Islamabad Capital Territory",Shan Builders & Developers is an emerging real estate marketing company. Shan Builders & Developers is offering a luxury living lifestyle in housing society name Royal Residencia Islamabad. Shan build...,Verified,New Company
20,SILK Trade & Logistics,"13-B Paradise Plaza G-10 Markaz Islamabad, Islamabad, Islamabad Capital Territory","Packing and moving,packers and movers, movers and packers, Goods transportation, goods trucking, Transport company, Inland transportation, specialized transport,Packing and moving service, Packers and...",Verified,+9  Years with us
21,ASCO Properties (Private) Limited,"8-B, Gulistan Khan House, Block F, Near Tehzeeb Bakers, AK Fazal-ul-Haq Road, Blue Area Islamabad, Islamabad, Islamabad Capital Territory","A Well Reputed and Most Trusted Real Estate Marketing Company, dealing in Rental, Sale and Purchase of Residential & Commercial Properties in all Sectors of Islamabad as well as in many Housing Societ...",Verified,New Company
22,Asian House Care (Private) Limited,"Office # 3, 2nd Floor, Plaza # 153-K, Block-D, Civic Center, Phase 4, Bahria Town, Islamabad/Rawalpindi, Islamabad, Islamabad Capital Territory","We Provide Engineering (Architectural, Structural & Interior Designing), Construction, Marketing and Real Estate Services in Pakistan. For more details and queries; visit our website; www.asianhouseca...",Verified,+5  Years with us
23,Emperor Marketing,"Office # 3, 1st Floor Muzaffar Chamber, Fazal-e-Haq Rd, Blue Area Islamabad, Pakistan, Islamabad, Islamabad Capital Territory","We meet our client at our office or at Site and build a strong client-user relationship, which helps to not only do the business but also build friendship with client. We brief our clients about the p...",Verified,New Company
24,EPROPERTY,"23 (MB) Shabir Sharif Road Phase 6 DHA Lahore, Lahore, Punjab","eProperty, established in 2004, is proud to be serving its stake-holders by providing them the right investment opportunities with a wide range of services. As part of our service, we offer advice on ...",Verified,New Company
25,Fortune Estate And Builders,"44 MB Phase 6 DHA Lahore., Lahore, Punjab",Fortune estate and builders is a real estate company in DHA Lahore Pakistan. We offer real estate services in Lahore. We are the best when it comes to buying and selling of properties.,Verified,+6  Years with us
26,Grand Square Mall,"Block E3 Block E 3 Gulberg III, Lahore, Punjab, Lahore, Punjab","The GRAND SQUARE MALL is one of the best Commercial Shops for Sale in gulberg Lahore due to top location, beautiful planning and provision of all modern facilities.",Verified,+5  Years with us
27,HomeXpert,"A-226 block 3 Gulshan e Iqbal, Karachi, Sindh",COMPLETE HOME SOLUTION UNDER ONE ROOF we deals in Real Estate property sale purchase Renovation & Construction Home Decor Property Investment wall papers vinyl & wood flooring masonry work astroturf (...,Verified,+6  Years with us
28,Internik The Consultant,"internik plaza, spring north bahria town phase 7, Islamabad, Islamabad, Islamabad Capital Territory","InterNik(The Consultant) is a consultancy company with offices in Bahria Town, Islamabad and Mandi Bahaudin, providing Career Counseling, Foreign Education consultancy, Study Visa file processing and ...",Verified,+7  Years with us
0,Khatri Estate,"Tariq Road P.E.C.H.S Block 2 Office No 8-A, Plot No 934-C & 935-C, Karachi, Karachi, Sindh","Trusted real estate agency in Karachi. We deal in Selling, Rentals, Consulting, Purchasing and Booking of Real Estate Properties along with Documentation.",Verified,New Company
1,Lioner Associates,"113-B,Sector c,bahria town lahore, Lahore, Punjab",Deals in All kind of residential & commercial properties in bahria town lahore and karachi,Verified,+7  Years with us
2,Real Consultancy,"Office#M-13,Mezzanine Floor, Mateen Shopper's Gallery Near Rehmania Masjid ,PECHS Block 2,Tariq Road Karachi 75400 Pakistan, Karachi, Sindh","We Help Our Client's To Make Better Decisions In Real Estate Services We Working In All Types And Kinds Of Properties Like(Commercial/Residential) Apartments,Houses,Flats,Lands,Plots,Shops & Office Fo...",Verified,+6  Years with us
3,Riseup Estate and Builders Islamabad,"First Floor, Plaza 1, Sector J, Main Commercial, Dha 2, Islamabad, Pakistan, Islamabad, Islamabad Capital Territory","Riseup is an Estate agency where you can find Plots for Sale in Islamabad. You can also get properties for sale/rent in Gulberg Islamabad, DHA, and CBR phase 2. We also provide latest projects in Isla...",Verified,+4  Years with us
4,Safa burj mall,"Madina Tower, Office #1, Near main Margalla Road E-11, Islamabad., Islamabad, Islamabad Capital Territory","The magical view of Safa Burj Mall that beguiles you, an architecture that excites you, calms you and make you think, an emotive structure that compels you to go inside. The project is a high-rise edi...",Verified,New Company
5,Symble Properties,"Office No. 1,G/F Falcon Arcade, Spring North Commercial, Phase7, Bahria Town, Islamabad., Islamabad, Islamabad Capital Territory",Symble Properties is a real estate promotion and investment consultancy agency with quality services. It is the one of the leading real estate group which provides you complete details of all projects...,Verified,+5  Years with us
6,Winston Mall,"Plot 5 Streer 39, Sector B-17 Block C Multi Gardens B-17, Islamabad, Rawalpindi, Islamabad Capital Territory 44000, Pakistan, Islamabad, Islamabad Capital Territory","LIFESTYLE, LUXURY AND ENTERTAINMENT ALL COME TOGETHER AT ONE MAGNIFICENT DESTINATION â WINSTON MALL IS A STATE-OF-THE-ART MALL AND RESIDENTIAL TOWER SITUATED IN THE IDEAL LOCATION OF B-17. THE DESIGN ...",Verified,New Company
7,AAA Associates,"Office no 20/21, 2nd Floor, Asian Business Center, Bahria Town Phase 7 Entrance, G.T Road, Rwp/Isb, Islamabad, Islamabad Capital Territory","Established in 2015, AAA Associates is a world of possibilities unfolding at your doorstep. As a template for the booming business, we offer the best investment plans and solutions for you. With our z...",Verified,New Company
8,AH Group of Companies,"Office #11, 2nd floor, Umer Building, Jinnah Avenue, Blue Area, Islamabad, Islamabad, Islamabad Capital Territory","We are an emerging group of various businesses like real estate development, architecture development, construction services and planning, corporate brand building, Investment planning, sales & market...",Verified,Updated
9,AJM REAL ESTATE KARACHI,"Mateen shopping Galaxy,, 4th Floor, f-01, rashid minhas road karachi, Karachi, Sindh","At AJM Real Estate we are committed to provide transparent, legitmate inventory to our clients. The only reason we are getting Trusted is our Professional Approach for a quiery. We can Assist you to B...",Verified,+5  Years with us
10,AL Huda Builders Ltd,"Office 3 & 4, 1st Floor , Galaxy Arcade ,G-11 Markaz, Islamabad, Islamabad Capital Territory","We at Al Huda Builders are made up of a professional real estate team with a vast set of skills, experience, and a long networking in the Pakistan, specially in Islamabad. explore our Islamabad based ...",Verified,+7  Years with us
11,Ali Estate & Builders,"Dc Colony Gujranwala, Gujranwala, Punjab",Sale & purchase property point & contruct building Dc colony gujranwala Dha gujranwala Citi housing gujranwala Garden town Iqbal town Palm city,Verified,+6  Years with us
12,eKarobar.pk,"Rawalpindi Saddar, Rawalpindi, Punjab",eKarobar.pk is a Digital Business Listing Portal for Businesses and Customers to get connected at one place and numerous services available on single click.,Verified,+4  Years with us
13,Empire Estates,"62-FF DHA Commercial Plaza, Y-Block Phase 3, DHA Lahore, Lahore, Punjab","Property Consultants and Real Estate Advisers Empire Estates, established in 1989, we are in business for 30 years. We deal in sale-purchase and rent of every type of land and property. Our services i...",Verified,+4  Years with us
14,Enem Estate,"14-Z, CCA Phase-III DHA Lahore, Pakistan, Lahore, Punjab","Enem Estate incorporates demonstrated experts and well-experienced workforce specializing in purchasing, selling and investment consultation and dealings with the most elevated proficiency and viabili...",Verified,+4  Years with us
15,Lahore real estate,"105 G Basement Phase 1 DHA Lahore, Lahore, Punjab","New Lahore Real Estate discussion Forum is actually a gateway for real solutions. Delivering the factual information for the guidance of our clients, this forum is not less than a real-time consultati...",Verified,+4  Years with us
16,Lahore Real Estate,"105 G Basement Phase 1 DHA Lahore , Lahore, Punjab","New Lahore Real Estate discussion Forum is actually a gateway for real solutions. Delivering the factual information for the guidance of our clients, this forum is not less than a real-time consultati...",Verified,+4  Years with us
17,Leadsestates,"A-90 Broadway Commercial Phase-8, DHA, Lahore, Punjab","LEADS ESTATES is one of the pioneers and leaders in the real estate business in Lahore, Pakistan since 1995. Our experienced professional agents deal selling and buying the property in DHA Lahore, DHA...",Verified,+7  Years with us
18,Maraka Homes,"Main khurd Burd Road, Multan Road Lahore, Lahore, Pakistan, Lahore, Punjab","Maraka Homes specializes in residential plots, commercial plots and farm houses in Lahore. Indulge in Peaceful Escapes Amidst Greenery.",Verified,Updated
19,Premier Developers,"112/C, Peoples Colony No 1, Faisalabad, Pakistan, Faisalabad, Punjab",Premier Developers is an integrated real estate developer focused on premium developments. The company aspires to be among Pakistanâs top real estate companies and with a commitment to âAdding Value t...,Verified,+8  Years with us
20,Sasti Property,"G-15 Markz, Kashmir Housing Society, Islamabad, Islamabad Capital Territory","Sasti Property is one of the top property sites in Pakistan providing Home, house and plots for sale and for rent in Bahria Town Lahore, Karachi and Islamabad. If you need a plot or house in DHA or Ba...",Verified,+6  Years with us
21,We Rise GOC,"Office # 1, Ground Floor AR Arcade, Sector F Business Avenue, DHA Phase 1, Islamabad, 46220 Pakistan, Islamabad, Islamabad Capital Territory","We Rise GOC is the leading real estate developers in Islamabad known for it's services in real estate, sales & marketing. Property is a need that generates huge profits for everyone in the form of pro...",Verified,New Company
22,A.A property real estate & builders,"Main Jinnah Avenue,Touheed Square Facing Near Suzuki Motors Showroom, Downtown Tower bahria town karachi, Karachi, Sindh","tursted real estate agency , we deal about sale buye rent \ residencial & commercial plots projects , and construction also.",Verified,New Company
23,Akbar Groups Real Estate And Builders,"Office : 9 Floor 3rd Plaza 181 Main Circle Civic Center Phase 4 Bahria Town Rawalpindi Islamabad, Islamabad, Islamabad Capital Territory",Pakistan's 1st Online Real Estate Market place Akbar Groups Real Estate And Builders Is The Best Property Dealers in Pakistan's Twin City Rawalpindi Islamabad With The Experience of More than 10+ Year...,Verified,New Company
24,Al Ahmad Builders and Real Estate,"City Garden Adjacent to Allama Iqbal Town near Civil Hospital Jhangi Wala Road, Bahawalpur, Punjab",Al Ahmad Builders and Real Estate is an experienced leading company engaged in the Real Estate & Construction industry delivering high-quality services with a wealthy portfolio of properties to the pe...,Verified,New Company
25,Apex Group,"63-A Main Boulevard Commercial bahria Town, Lahore, Punjab","Apex Group (Real Estate , Construction, Media & Marketing) is a leading and fast growing company engaged in business from last ten years. We are authorized Property consultants in many Societies like ...",Verified,+5  Years with us
26,ARMCO Holdings,"Basement Usman Plaza adjacent Bank of Punjab, Citi Housing, Gujranwala, Gujranwala, Punjab","We are providing best consultant services in real estate marketing. We have a huge range of property like residential, commercial, flats, rooms, houses, buildings etc.",Verified,+7  Years with us
27,CDB Properties,"Plaza#55 2nd Floor, Sector C Commercial, Bahria Town Lahore, Lahore, Punjab","Consult Decide & Buy Properties' aim is to provide multiple services for immovable assets including Houses, Plots, Shops, Shopping Plazas, and various other property types. Whether you live in or outs...",Verified,New Company
28,DHA Plot Files,"14 Z Block Commercial Zone Phase 3 DHA ÙØ§ÛÙØ± 45000, Pakistanâ, Lahore, Punjab","DHA plot files is your worldwide Real Estate Connection At DHA plot files we not only believe in the TEAM state of mind, but also have individual dedicated departments to cater to all of our clientâs ...",Verified,+8  Years with us
29,Divine Associates,"Shop#133 Shahmim Sky Tower Federal B Area Block:9 Karachi-Pakistan., Karachi, Sindh","Divine Associates is a Karachi-based complete Real Estate Services provider covering most of the area of Karachi with special attention to your requirements of space for flats, Banglows, Plots. Rent/S...",Verified,New Company
0,Estate Masters Pakistan,"34-MB DHA Phase 6, Lahore, Lahore, Punjab",DHA Lahore real estate buying and selling Property in Pakistan Estate Master has established itself as one of the leading and trusted real estate,Verified,+4  Years with us
1,Future Enterprises,"87/A Model town Multan, Multan, Punjab","Future Enterprise is well known, Reliable, and Authorized real estate agent. we deal in all types of Real estate sales and purchases. we are Authorized by DHA Multan and ranked Among in Top 10.",Verified,New Company
2,Green Earth Real Estate,"Gate # 1, Green Earth Real Estate. Plot 9Ø Al-Bari BuildingØ, Main Jinnah Boulevard, DHA Phase II, Islamabad, 44000, Pakistan, Islamabad, Islamabad Capital Territory","Green Earth Real Estate is one of the renowned and best property dealers in Islamabad. We provide well-located and striking commercial and residential plots for the investors to buy, sell, rent and in...",Verified,New Company
3,Harjaga,"Gohar Comforts, P4, Main Shaheed-e-Millat Rd, Delhi Mercantile Society PECHS, https://harjaga.com/blogs/details/house-for-rent-in-karachi-things-to-consider-before, Karachi, Sindh","Harjaga is the Pakistan Property Portal that presented state-of-the-art services and features for Pakistan real estate agents, buyers, and sellers alike. Since 2019, Harjaga has been the primary choic...",Verified,New Company
4,Makkaan,"Jackson Heights, Near Army Check Post, Grand Trunk Road, Rawalpindi, Rawalpindi","Makkaan.com, the leading property portal in Pakistan, offers a vast array of property listings that cater to the diverse needs and preferences of buyers and investors. Whether you are searching for a ...",Not Verified,New Company
5,Multiplierz pvt ltd,"service road west, near sohan interchange, islamabad express way, pakistan, Islamabad, Islamabad Capital Territory","Like its name, Mohkam Enterprises is a well based and strong construction company. Mohkam Enterprises is a coming together of individuals that are highly qualified, possessing sound experience in thei...",Verified,+5  Years with us
6,NUSK Associates,"98 K, Model Town, Lahore, Pakistan., Lahore, Punjab","NUSK was established in 1990s by Mr. Naseem Ahmed Khan to provide the hiqh quality, standard and affordable housing in Lahore. Since then we have designed and built multiple housing schemes, 100s of d...",Verified,+4  Years with us
7,Ovaisco Builders Islamabad,"84-A Ovaisco Center III Main PWD Road Near Telenor Franchise Islamabad., Islamabad, Islamabad Capital Territory",With Ovais Co (Pvt) Ltd we are providing our best services through our expert team of delicated and talented individuals. Who have been providing quality services for our all projects. We are ambitiou...,Verified,+7  Years with us
8,PAK-E-PROPERTY,"Office # 21, Crown Plaza Commercial Market, Chandni Chowk, Rawalpindi, Rawalpindi, Punjab","Real estate is ""property consisting of land and the buildings on it,Find your perfect property Houses Buy and Sell, Plots, Flats, and Shops for sale and rent in Islamabad, Rawalpindi, Lahore, Karachi ...",Verified,+6  Years with us
9,Pakistan Properties,"55 K CCA DHA Phase 1 Lahore, Lahore, Punjab",To Sell or lease property in DHA Phase 9 Prism: explore the page and fine out latest plots in DHA Phase 9 Prism. To buy property in DHA Phase 9 Prism: Please contact our executive . Available updated ...,Verified,+5  Years with us
10,Property Kingdom,"Office #2, 30th Street, Plot 12C, Tauheed Commercial, Defence Phase 5, Karachi., Karachi, Sindh","New Age Real Estate Agency. Deals in Bahria Town, Emaar, Gwadar and Dha City. A name of trust and credibility.",Verified,+6  Years with us
11,Saeban Builders,"Office No F-7 first flour Arshad Shreef Plaza G-11 Markaz, Islamabad, Islamabad, Islamabad Capital Territory","Saeban Builders are famous name in property market of Islamabad. They provide its clients flats, houses and plots for sale in Islamabad. They have completed all their development projects successfully...",Verified,+8  Years with us
12,Tap Builders,"K.D.A Scheme 41, Surjani Town Karachi.â, Karachi, Sindh","TAP Builders offers property for sale in Karachi a great place to live and invest. Located in the center of Surjani Town, It is one of the fastest developing areas in Karachi. It is located adjacent t...",Verified,New Company
13,The Floor Planet,"Inner Circular Road, Lahore, Punjab",WE ARE THE FLOOR PLANET We Design Your World We strive to continuously develop our expertise for the benefits of our clients. Our experienced team executes any customer services project with agility a...,Verified,+6  Years with us
14,The International Investments,"Headquarter Office no 22 2nd floor Al anayat plaza G11 Markaz Islamabad 44000, Islamabad, Islamabad Capital Territory",The International Investment is one such Real Estate management company that believes in taking care of the properties with tender care and resolute wellness for their clients both in the matter of th...,Verified,New Company
15,The Masters Real Estate & Builders,"Mehmid Heights, 1st floor, 65 Main Boulevard Gulberg, Block H Gulberg 2, Lahore, Lahore, Punjab",The Masters Real Estate has been one of the most enticing options on the planet of real estate. We are the official sales partner of Lahore Smart City and Capital Smart City. Our prestigious forum pro...,Verified,New Company
16,UR PROPERTY,"28-C, Street 1, Saba Commercial DHA Phase V Ext Karachi, Karachi, Sindh",Deals in Real Estate Sector Rent / Sale / Purchase DHA / CLifton / PECHS / Shahra-e-Faisal / Lalazar Bahria Town / Emaar / DHA City,Verified,+11  Years with us
17,Zameenforyou.com,"Mulsim Town Lahore, Lahore, Punjab","Pakistanâs Largest Online Real Estate Portal Providing Best Listing Services. Get Office, Plots, Shops, Apartment & Houses For Sale And Rent. Expert Property Advisors Active for Customer Support 24/7....",Verified,+5  Years with us
18,Aetmaad,"lahore, pakistan, Lahore, Punjab","There are many Top real estate companies in Lahore, But Aetmaad is the best property website for buying and selling properties in Lahore. They offer the highest level of services to buyers and sellers...",Verified,New Company
19,Al-Muqtadir Estate,"Valencia Mall, Valencia Housing Society Lahore, Lahore, Punjab","Al-Muqtadir Estate and Builders Pakistanâs Biggest Property Sale & Purchase Agency, which is dealing in property investment as well advise to clients about profitability on investment.",Verified,New Company
20,Alpha Associates,"LDA City Lahore, Kahna Nau Lahore, Lahore, Punjab",alpha associates LDA City Lahore | Alpha associates started its business back in 2013. We are dealing with native and overseas customers. Our team is highly trained and professional. Our priority is t...,Verified,New Company
21,Arz Reality,"GF Off. No 4 Plaza No 8 Al Farough 2 Sector D Commercial South T, Our team is dedicated to find the best properties that furnish b, Islamabad, Islamabad Capital Territory","Arz Realty real estate agency in Pakistan knowing industry-specific procedures, local legislation, and expertise required, We are here to facilitate you about the property for sale in Pakistan.we have...",Verified,New Company
22,BahriaTownRates,"18-B, Midway Commercial, Bahria Town, Karachi., Karachi, Sindh","Bahria Town Karachi is best colony in Pakistan for business and residence so people want to know about the latest prices and rates of bahria town karachi and latest updates, so BehriaTownRates is the ...",Verified,+5  Years with us
23,Bahria Sales Properties,"Office No 6 Bahria Spring Commercial Phase 7, Rawalpindi, Punjab",Bahria Sales Properties real Estate agency in Bahria Town Phase 7 Rawalpindi is Offering Several 5 Marla Plots for Sale in Bahria Town Phase 8 ( Bahria Orchard Rawalpindi) If you are dreaming about y...,Verified,New Company
24,Bhejdoo Couriers Pakistan,"9/G/F, Defence Commercial Plaza, Y - Block, Sector Y DHA Phase 3, Lahore, Punjab, Lahore, Punjab","Real Estate in Lahore ""Saiban Associates"" deals in Lahore property, houses, houses for rent, houses for sale, properties, real estate agents, Lahore real estate",Verified,+4  Years with us
25,BTN Marketing Consultants,"12 S, Gulberg II (off main blvd.), Lahore, Lahore, Punjab",BTN Marketing Consultants is revolutionizing the way real estate business is carried out in Pakistan by providing the best investment options in Lahore and Gwadar,Verified,+5  Years with us
26,Friends Associate,"Phase 2 Commercial Area Defence Housing Authority, Karachi, Karachi City, Sindh 75500, Karachi, Sindh","The Friends Associates is the native and over a decade old real estate company in Pakistan. The estate agency deals in DHA, Bahria and different Gwadar project and have transferred hundreds of homes, ...",Verified,+5  Years with us
27,Friends Property Network,"172-A First Floor, Adjacent Bahria Grand Masjid, Sector E Commercial, Bahria Town, Lahore., Lahore, Punjab",Friends Property NetworkÂ  has been formed by group of seasoned real estate consultants and marketing professionals having rich experience of residential and commercial projects all across the Pakistan...,Verified,New Company
28,Frontline Marketing,"B-11, Block-15, Al-Raee Avenue Near Mumtaz Manzil, Gulshan-e-Iqbal, Karachi, Karachi, Sindh",Frontline Marketing advanced in the property and land showcase as a promoting organization in the year 1999. It took never such a long time for Frontline Marketing to turn into a rising land and prope...,Verified,+4  Years with us
0,Grand Square Mall,"8 â E/3, Main Boulevard, Gulberg III, Lahore, Pakistan., Lahore, Punjab",The GRAND SQUARE MALL is offering offices and shops for sale in Gulberg Lahore; the Mall provides people an opportunity to meet and greet their families and friends or participate in interactive fun a...,Verified,+5  Years with us
1,HOPE Marketing,"Wallayat Complex, Plaza 74, Phase 7 Bahria Town, Islamabad, Islamabad Capital Territory 46000, Pakistan, Islamabad, Islamabad Capital Territory",HOPE (House of Property and Entrepreneurship) is a fast growing name in the Real Estate sector of Twin Cities. The company offers services of Real Estate Marketing to various housing societies. The co...,Verified,New Company
2,IQAAI Marketing,"MPS Chowk, M A Jinnah Rd, Gulshan E Wahid 1, Multan, Punjab, Multan, Punjab","Iqaai provides multiple real estate services to its clientele to manage the commercial and residential value of the available properties in the market. The process of buying, selling, and constructing...",Verified,New Company
3,Jagah Online,"C-39-C, 22nd Commercial Street Phase II (Ext.), D.H.A, Karachi, Sindh",Jagah Online is aimed to serve online real estate market place as the one-stop solution for all the property vendors and buyers that would deliver excellent property shopping experience to the clients...,Verified,+4  Years with us
4,Karachi Property,"Near Gulshan-e-Maymar, Karachi, Sindh",Building a house has become a wish for most people. Now It doesnât need to be. Creative people are always looking for ways to make other lives easier. That's why we give a place to build your own home...,Verified,New Company
5,Lahore Pak Properties,"2# commercial block A phase 6 DHA Lahore, Lahore, Punjab","Lahore Pak Properties know a lot about Property management how to improve your business. You have to be our client to utilize our service include tenant screening and selection, maintenance, evictions...",Verified,+5  Years with us
6,Lahore Pak Properties,"2# commercial block A phase 6 DHA Lahore., Lahore, Punjab","Lahore Pak Property DHA Lahore Discussion Forum is actually a gateway for real solutions. Delivering the factual information for guidance of our clients, this forum is not less than a real time consul...",Verified,+4  Years with us
7,Land Marketing,"5th Floor, Buland Markaz, Block A, Jinnah Avenue, D-Chowk, Blue Area, Islamabad, Islamabad, Islamabad Capital Territory",Best Real Estate Agency in Pakistan A team of innovative achievers focused on improvised investment returns management. We provide solutions to exchange economical investment plans tailored as per the...,Verified,New Company
8,MAAN ESTATE,"63-MB, Phase-6, Sector-H, DHA Lahore., Lahore, Punjab","We committed to the values of a customer-oriented service and professionalism. This, combined with extensive sector knowledge and vigorous marketing techniques, ensures our customers realize their nee...",Verified,New Company
9,Makeen .pk,"E-379 Qainchi Amarsidhu, Ferozepur Rd, Lahore, Lahore, Punjab",Makeen.Pk is Pakistan's leading real estate portal. We connect buyers with sellers and owners with renters across the country. We are quickly becoming a central online hub for all things real estate i...,Verified,+5  Years with us
10,Manahil Estate and Builders,"Bahria Town Phase 7, Rawalpindi, Islamabad, Islamabad Capital Territory","Manahil Estate is a leading Real Estate Service operating in most of the newly developed sectors in Islamabad. We deal in buying, selling and renting of residential and commercial properties in CDA Se...",Verified,+10  Years with us
11,Master City Gujranwala | KonstructMarketingPk,"1st Floor Plaza No.2-A, 4th Avenue Phase-6, DHA Lahore. , Gujranwala, Punjab","Offering all the elite features of a housing society, Master City Gujranwala poetically describes your dreams of owning a dream of your own into a perfect housing society. The builders have selected i...",Verified,+5  Years with us
12,Mudassar Developers,"Bamazai Arcade, MDA Chowk, Multan, Punjab","Mudassar Developers is the leading real estate and rental marketplace in Multan, dedicated to empowering consumers with data, inspiration and knowledge around the place they call home, and connecting ...",Verified,+6  Years with us
13,New Beam Real Estate,"Office No. 6 & 7, 2nd Floor, Al-Karam Shopping Mall, F-11 Markaz, Islamabad 45200, Islamabad, Islamabad Capital Territory","Buying and selling real estate signifies a time of change. Whether making an investment for capital gains or for personal or business use, the process can be challenging for any consumer. This is wher...",Verified,+5  Years with us
14,Next Home - Pakistan Best Property Portal,"33-AA Commercial, Sector D, Bahria Town, Lahore, Lahore, Punjab","Nexthome.pk is the most emerging and Best Property Portal in Pakistan that allows you to sell, buy and rent homes and properties in Pakistan more comfortably and straightforwardly. Whether it is comme...",Verified,+4  Years with us
15,PAK Realtors,"Office # 3, 2nd Floor, Plaza # 41, Danyal Arcade,, Mini Commercial, Bahria Town Phase 7, Rawalpindi, Punjab","PAK Realtors is a reliable name in real estate consultancy in Pakistan. We Buy, Sell, Rent properties. We also provide services regarding Real Estate Management, Development, and Property Transfers.",Verified,New Company
16,PropertRed.pk,"7th Avenue,, Islamabad, Punjab",Buy and Sell property in Pakistan with our Property Portal made by the property experts from London. We are a well known Estate agents from the UK now ready to help you with our Expertise. Our team ha...,Verified,+5  Years with us
17,Redbox Estate,"B 275, Block 10 Gulshan-e-Iqbal, Karachi, Karachi City, Sindh 75500, Karachi, Sindh",The REDBOX is the biggest real estate company in Pakistan. We are advancing our prime land exhibiting organizations to our customers. We have been working for a long time and know all the down and out...,Verified,+5  Years with us
18,Right Deed,"191 Street 11, Sector Y DHA Phase 3, Lahore, Punjab, Pakistan., Lahore, Punjab","Right Deed Real Estateâs Rightdeed.com is leading property site and portal in Pakistan. Providing services to property buyers, sellers, landlord's, societies and real estate agents in Islamabad, Karac...",Verified,+5  Years with us
19,Sahara City Housing Scheme in Pakpattan,"4KM from Jamal Chowk, 8KM from Sahiwal Road, Pakistan, Islamabad, Pakpattan, Punjab","As one of the real estate marketing experts, we believe that Sahara City amazing construction opportunities for individuals that aspire to make their own house or dreaming to expand their business in ...",Verified,+5  Years with us
20,Sial Corporation 1,"71C Jami Commercial 11 Street Phase 7 DHA, Karachi, Sindh",Sial Corporation (40 Years In Real Estate) Is the Most Experienced n Trusted Real Estate Company in Pakistan Working In Property Business Since 1975 We Deals In DHA KARACHI DHA CITY KARACHI N BAHRIA T...,Verified,+7  Years with us
21,Tajweez Properties | Real Estate Agency Islamabad,"1st Floor, Plaza B-1, Opposite London Bakers, PWD Double Road, Islamabad, Islamabad Capital Territory",Tajweez properties Pvt Ltd. is a real estate agency that has always been known for providing its clients with top-notch investment solutions. We have been working with people in the real estate indust...,Verified,New Company
22,UR PROPERTY,"Mezz # 1, Building # 28-C, Street # 1, Saba Commercial DHA Karachi, Karachi, Sindh",Deals in Real Estate in Karachi Islamabad Rawalpindi Bahria Town,Verified,+11  Years with us
23,V3 Marketing Online,"434, First Floor, Abdul Haq Road, Block-G1, Johar Town Lahore, Pakistan, Lahore, Punjab","""The mission of V3 Marketing is to offer advanced products and services in the actual estate area by using growing progressive answers that help the customers, developers and retail belongings operato...",Verified,+3  Years with us
24,We Heights,"Plot No. 1-D, Street No. 1 Bahria Oriental Gardens, Phase 7 Bahria Town, Islamabad, 46220, Islamabad, Islamabad Capital Territory",We Rise GOC is a pioneer to set its first commercial cum residential project We Heights at the lavish location of Bahria Oriental Gardens. Bahria Oriental Garden Bahria Oriental Garden is one of the k...,Verified,New Company
25,Xtremes Marketing,"4th floor, Zaad Plaza, Abdara Rd, Peshawar, Khyber Pakhtunkhwa, Pakistan 25000, Peshawar, Khyber Pakhtunkhwa",Welcome to xtremesmarketing.com the fastestÂ¬-growing online real estate marketing portal in Pakistan. Xtreme Marketing knows what works and what does not work in the digital marketing world. We have a...,Verified,New Company
26,ZAEstate - Real Estate Agency,"3 Canal Park Sikandar Malhi Road, Gulberg 2, Lahore, Punjab","ZaEstate is a popular real estate agency in Pakistan, that deals and all types of properties including buying and selling of plots in all cities and in all societies of Pakistan. Moreover, we sale and...",Verified,+8  Years with us
27,Zarorat.com,"zarorat.com, Lahore, Punjab","www.zarorat.com is the leading Property platform where you can buy residential property -plots, apartments & houses all across the Pakistan.",Verified,+5  Years with us
28,Zarorat.com,"15-B Saadat Street E Block, Johar Town, Lahore, Punjab","Zarorat.com offers you a common platform to buy, sell or rent your property online. we offer house for rent & house for sale commercial & residential properties services Properties Zarorat.com has bee...",Verified,+5  Years with us
29,Z.A.Z Real Estate Marketing (Pvt) Ltd,"Office No. 105, 2nd Floor Ghauri Mall, Kalma Chowk, Phase 4a, Ghauri Town, Islamabad, Islamabad, Islamabad Capital Territory","We are independent Real Estate Property sale/Purchase & Marketing consultant in Islamabad/Rawalpindi. And proud to done business with ethics and integrity since years. We provide plots (5, 8, 10 - Mar...",Verified,+5  Years with us
0,Zee Khan Enterprises,"SB-32, Block K, North Nazimabad, Karachi, Karachi, Sindh","We provide real estate consultancy to our valued customers. We also excel in residential & commercial construction, renovation, trading, and investment. You can also contact us regarding property rela...",Verified,New Company
1,Aarz.pk,"Block C 11, PHA Flats Sector G-11/3, Islamabad 44000, Islamabad, Islamabad Capital Territory",AARZ.PK is a real estate tech â List & Search Services online platform aimed at servicing the people of Pakistan with their property needs with ease and confidence at a low cost. We empower individual...,Verified,+7  Years with us
2,Al Hafiz Estate,"Office No.04, 2nd, Floor, Humza Plaza, F-11 Mrakaz Islamabad, Islamabad, Islamabad Capital Territory","Al Hafiz Estate we are deal Real Estate Consultant , Developer Building Contractor in Islamabad ABOUT AL HAFIZ ESTATE The mission of Al Hafiz Estate is to offer superior products and services in the r...",Verified,+10  Years with us
3,Century Properties,"Office #4, 2nd Floor, Queens Centre, 33 Queens Road, Lahore, Lahore, Punjab","We are dedicated to serve the real estate industry with our exceptional expertise and impactful knowledge. We offer trusted services in real estate purchasing, selling, letting, renting and above all ...",Verified,+5  Years with us
4,Cloudtower1,"The Cloud Services, Cloud Mall, Plot no. 3, Markaz Block B-1 Ext, Multi-Gardens, B-17, Islamabad, Islamabad, Islamabad Capital Territory",Cloudtower1 has the most luxury apartments in All of Islamabad. With the most amazing view and location in the Heart of islamabad!,Verified,Updated
5,Edwags Architecture and Interior Designers,"Plaza No.280, Block MB, DHA Phase 6, Lahore, Lahore, Punjab","Edwags means ""Every Day We Are Getting Stronger"". Edwags is an architecture, interior, and furniture design company. We believe that every day our customers, our clients and our vendors are getting st...",Verified,+4  Years with us
6,Fitrus Marketing,"2nd Floor, 32-B, Al Kabir Town, Phase II, Raiwind Rd, Lahore","With a Fitrus is a real estate marketing agency that specializes in providing innovative marketing solutions to real estate developers, agents, and broker of experienced marketers and designers, Fitru...",Not Verified,New Company
7,Jydad,"226-A, Iqbal Avenue Phase 1, Lahore, Pakistan, Lahore, Punjab",Jydad.com is a growing property Portal in Pakistan operated by Finovators Digital Pvt. Ltd. The portal provides excellent user experience through multiple real estate related services on offer. You ca...,Verified,+5  Years with us
8,Lahore Fortress Apartment Homes,"Lahore Fortress Apartment Homes at Maryam Town Near Bahria Orchard Main Raiwind Road Lahore., Lahore, Punjab","Lahore Fortress is a vertical stretch of imagination. The very spectacle of this vertical wonder evokes a certain degree of awe mixed with incredulity, which testifies that the designers and builders ...",Verified,+5  Years with us
9,Property Hub,"Office No 7, 1st Floor, Defence Commercial Plaza, Sector Y, Phase-3, DHA, Lahore, Pakistan, Lahore, Punjab",Property hub based in DHA Lahore is a highly experienced Real Estate firm to handle all of your residential & commercial needs. We offer the best real estate investment opportunities like prime proper...,Verified,+7  Years with us
10,Raas,"Office No. 201, Al Amin Trade Center, 231-B, Midway Commercial, Bahria Town Karachi, Karachi, Sindh","Raas.pk is an authorized real estate company deals in Bahria Town Karachi properties including precincts, projects, lands, plots, houses, villas & apartments.",Verified,New Company
11,Reall.PK,"Shakeel Center, 2nd Floor, Above Bank Alfalah, Faizabad, Rawalpindi,, Rawalpindi, Punjab",Reall.PK is a digital communication platform that offers a reliable communication network to real estate buyers and sellers. We strive to provide a user-friendly platform where one can easily sell and...,Verified,New Company
12,Regency Marketing,"Office no 36 and 37 , Ground Floor Luxus Mall, Islamabad, 46000, Islamabad","We are the best and top leading real estate company. We are working on these projects (Blue world city, Islamabad), (Prime Valley, Islamabad), (Park View City, Islamabad), (Avalon City, Islamabad)",Not Verified,New Company
13,Bismillah Property (Real Estate Advisor),"Street 07, Gulshan-e-Iqbal, Block 13D1, Karachi, Sindh","Bismillah Property is a symbol of trust to its clients. Our clients feel complete satisfaction while they are buying, selling or renting their property through us. They get the real value for their pr...",Verified,+6  Years with us
14,Mateen International,"B # 20,Sector S-II, Gulshan-e-Maymar, Karachi, Sindh","Mateen International are an integrated services provider, supplier of general products, machinery and equipment a contractor of different ventures and leading, Business House. Mateen International wit...",Verified,+5  Years with us
15,Afridi Associates,"C-28 Block - III, Central Avenue Saadi Town, Scheme 33, Karachi, Karachi, Sindh","Real Estate, Property & Construction of Saadi Town (Scheme 33 - Karachi), Saadi Garden (Scheme 33 - Karachi), Isfahan Town (Scheme 45 - Karachi), Taiser Town (Scheme 45 - Karachi), Hawksbay (Scheme 42...",Verified,New Company
16,Aneeb Associates,"B1 Markaz Multigarden B-17 Islamabad, Islamabad, Islamabad Capital Territory","We are dealing in all kind of commercial and non commercial properties. Flats, Shops, Houses, Shops, Offices, plots, From ????, etc",Verified,New Company
0,CALL ONE Constructions & Property Bank,"Office No.5 Darus Salam Apartment, Block-7, F.B Area, Karachi , Karachi, Sindh","Quality work, complete job satisfaction and full peace of mind. 24/7 Available. â¢ Construction â¢ Real Estate â¢ Maintenance Contractors & Services â¢ Building Maintenance â¢ General Maintenance â¢ Electro...",Verified,+7  Years with us
1,Sirmaya.com,"46 C-1, Gulberg III, Lahore, Pakistan, Lahore, Punjab","Sirmaya.com is one stop marketplace, offering a vast range of dedicated realty services through strategically planned buying, selling and investment solutions to our valued clients. Whether you are an...",Verified,+4  Years with us
2,Aasani Estate,"Office#02, Rohi Plaza, Yazman Road Bahawalpur , Bahawalpur, Punjab",Reliable real estate and construction consultants and commission agents. Contact to invest in capital of forme princely sstate and City of palaces Bahawalpur.,Verified,New Company
3,Lodhi Builders & Estate,"1- Rana Plaza, Opp. Rasheed (Aadil) Hospital, Main Boulevard, DHA, Lahore., Lahore, Punjab","Lodhi Builders & Estate Our mission is to provide investors with superior returns through an investment in real estate business. We must conduct our property business fairly, with honesty and transpar...",Verified,New Company
4,NOVUS Marketing Real estate consultant,"Office no.14, 2nd floor Al Anayat Mall G11 Markaz, Islamabad, Islamabad Capital Territory","Novus marketing is one of Pakistanâs premier building, investing and marketing companies. Novus Marketing has provided excellent services and facilities since its conception. We stand ahead of the mar...",Verified,New Company
5,RAJPUT ENTERPRISES,"BUILDING NO C-160 RAJPUT CENTER MALIR CANTT , Karachi, Sindh","REAL ESTATE CONSULTANTS DEVELOPERS & BUILDERS WE DEAL IN KARACHI , ISLAMABAD, LAHORE , FAISALABAD........",Verified,+11  Years with us
6,Sirmaya.com,"Gulberg 3 Lahore, Lahore, Punjab","As our new moniker suggests, we'll be offering a more comprehensive range of marketing solutions.' However, we are focused on promoting your property, whether it is a plot, house, or commercial proper...",Verified,New Company
7,"Three Brothers Real Estate, Islamabad","Zahid Iqbal Center, Punjab Market, Sector G-13/4, Islamabad, Pakistan, Islamabad, Islamabad Capital Territory","services: Property consultants Rent, Purchase, Sale All type of Legal Documents Stamps Paper Affidavits & Application",Verified,+8  Years with us
8,AL-MADINA Real Estate And Builders,"Ghoray Shah, Hafizabad Road, Gujranwala, Gujranwala, Punjab",AL-Madinah Real Estate And Developers is one of the most trusted and the fastest growing real estate brand and consulting agencies in Pakistan. We take pride in being Gujranwala most acclaimed and gen...,Verified,New Company
9,ImlakOnline.com,"DHA 2 Islamabad, Islamabad, Islamabad Capital Territory","Imlakonline.com is the first international Real Estate place to buy or sell, rent or lease. We operate globally but imlakonline.com is also for you, wherever you are. Our expert team is always availab...",Verified,+5  Years with us
10,Khurram Associate (Bahria Town Lahore),"1-C-C Bahria Town Lahore, Lahore, Punjab",We deal all kinds of property like sale and purchase in Bahria Town and in Bahria Orchad.We provide best services to our valuable clients.,Verified,+7  Years with us
11,Kings park Gwadar,"Commercial, Phase III, 3-A, Lahore, Pakistan, Lahore, Punjab","A subsidiary of Kaneez Developers, Kings Park is one of the ten companies engaged in real estate, development, and construction. Helping Kaneez Developers wade easily through a challenging environment...",Verified,+6  Years with us
12,KS Estate & Builders,"Office No. 3, Orchard Tower, 17-km Raiwind Road, Bahria Orchard, Lahore-Pakistan, Lahore, Punjab",About Us KS Estate & Builders is a full-service in residential and commercial brokerage company located in Lahore-Pakistan. Our world-class sales and marketing teams of brokers and real estate associa...,Verified,+7  Years with us
13,Pakistan Estate Links,"Adjacent Giga Head Office, Downtown Giga, Office No.3, DHA phase 2, Gate No. 2 Islamabad, Islamabad, Islamabad Capital Territory","Pakistan Estate Links are proudly OPERATING for the last 10 YEARS across whole project range of AL GHURAIR GIGA mall, Defence Housing Authority, Islamabad. Thatâs how we are able to offer UNPRECEDENTE...",Verified,+5  Years with us
14,lioner associates,"behria town lahore, Lahore, Punjab",Lioner Associates is group of Real Estate Consultants and Builders dealing in lahore real estate arena since 2010. We deal in lahore all leadings societies.,Verified,+6  Years with us
15,Black Stone Developers,"F-8, EOBI House (Ex-Awami Markaz), Main Shahra-e-Faisal, Karachi, Sindh",Are you in search of state of the art own house? If yes Black Stone Developers with vision of endless possibilities are there to fulfill your dreams. We are developing apartments and independent villa...,Verified,New Company
16,Capital City Lahore,"Main G.T Road near Kala Shah Kaku, Interchange, Lahore, Punjab","Capital City Lahore is a great current product marketed by Platinum Marketing Company, a credible entity, striving to revolutionize residencies by combining state-of-the-art technologies and modern li...",Verified,+6  Years with us
17,Capital Smart City Pakistan,"Select One Plaza 2nd Floor Unit 102 F11 Markaz Islamabad, Islamabad, Islamabad Capital Territory",Capital Smart City islamabad is the first smart city of pakistan. capital smart city approved from RDA and ideally located on M2 Motorway,Verified,+3  Years with us
18,Dolce,"Legacy Commercial, Street 2, Karachi, 75340, Karachi, Sindh",We are an experienced group of real estate professionals who have diligently served our wide range of clients with diligence and utmost professionalism. We are renowned for providing smart property so...,Verified,New Company
19,Happii PVT,"jamesjeans890@gmail.com, Lahore, Punjab",Happii Homes is the PAKISTAN's foremost property marketplace. We bring the PAKISTANâs largest and most engaged property audience and the largest inventory of properties together in one place. We have ...,Verified,+5  Years with us
0,Horizon properties,"Suite No 1102- 11th Floor, Dominion Business Center-1,Bahria town karachi 75340, Karachi, Sindh","Horizon properties Provide best house construction services in Bahria town karachi ,dha city karachi ,karachi Pakistan Horizon properties also real estate services and houses sale services in bahria t...",Verified,New Company
1,Hur Developer,"Bahira orchard lahore, Lahore, Punjab",We Deal all kind of commercial and Residential Plots in Bahria Town Lahore for more information call us on 03004044026,Verified,+4  Years with us
2,Icon Garden,"Kangota Sayedan Japan Road Islamabad, Islamabad, Islamabad Capital Territory",(Introduction of Project) Icon Garden Islamabad is a residential project offers different sizes of residential Plots on installments and cash payment. Most of the Plots are occupied and many families...,Verified,+6  Years with us
3,LeadsEstates,"A-90, Broadway commercial Phase VIII (Phase 8) D.H.A Lahore Cant Pakistan, Lahore, Punjab",Buy and sale property in DHA is now become a important issue. To Buy Good and cheapest property in DHA made your future bright and improve your economical issue. DHA Lahore is a biggest Housing scheme...,Verified,+5  Years with us
4,New Lahore Real Estate,"105 G Basement Phase 1 DHA Lahore, Lahore, Punjab","New Lahore Real Estate discussion Forum is actually a gateway for real solutions. Delivering the factual information for the guidance of our clients, this forum is not less than a real-time consultati...",Verified,+4  Years with us
5,Ocean Marina Gwadar,"9c 25th, Commercial St, Phase 2, Karachi, Sindh 75500, Karachi, Sindh","Situated at the 5th avenue from Makran coastal highway, is the most promising upcoming project of SiddiqSons, the Ocean Marina Gwadar. Your hunt of finding a perfect place to live out your dream lifes...",Verified,+4  Years with us
6,Real Estate Investment,"All Across Lahore, Lahore, Punjab","Looking to move in Lahore ? Low on the Budget ? Looking to buy a house in Lahore ? Again low on budget ? Looking for a Real Estate investement in Lahore ? As Ussual, low on budget ? This is where we c...",Verified,+7  Years with us
7,Real Estate Marketing Company | Fair Marketing,"Head Office Karachi Naseer tower, Main University Road, Gulistan-e-Johar Block-1, Karachi, Pakistan., Karachi, Sindh","Fair Marketing group has established about 19 years ago, The both internally And externally. However, owing to the reputations of its founder, Fair group was able to build a worthwhile reputation quit...",Verified,+5  Years with us
8,Shamuk Enterprise,"Shop No 04 J1 / J2 TOOBA APARTMENTS , DHA PHASE 1 KARACHI, Karachi, Sindh","OUR TEAM helps individuals in the property market to find their luxury homes, residential communities, condominiums, home sites, undeveloped land and commercial Properties and to make the buying and s...",Verified,+5  Years with us
9,ZAR Estate and Builders,"13 Rehman Street Smanabad Lahore, , Lahore, Punjab","We deal in top & best societies in Lahore, societies in Islamabad and approved housing societies in Pakistan. You can get installment plot in Lahore & possession plots. You can also check house for sa...",Verified,New Company
10,Aik So Aik | 101 Propertties,"Alvi Grand Mall, LG 13, 14 Zarrar Shaheed Road, Cantt, Lahore, Lahore, Punjab","""When the sun rises, it slowly shines on all fields, hills and even beyond! Since the inception of Aik So Aik |101 Properties, we have spread the illuminating glory of the best land sales, offers and ...",Verified,New Company
11,Bethree,"#905 Al-Hafeez Heights Gulberg III, Lahore, Punjab","Find Property and Homes for Sale and rent on Bethree.pk. Buy, Sell and Rent Properties at Reasonable Prices from Trusted",Verified,+5  Years with us
12,DHA Plot Files,"14-Z Phase-3 DHA Lahore, Lahore, Pakistan-54500, Lahore, Pakistan, Lahore, Punjab","DHA Plot Files is the best real estate property portal which caters estate services including commercial and residential plots, DHA Properties and DHA Files and sell, buy and rent latest homes/ lands/...",Verified,+8  Years with us
13,Estate,"Jubilee Town Lahore Pakistan, Lahore, Punjab","We are specialists in Real Estate Business. We deal in buying and selling of Homes, Plots, Shops, and Offices. We are providing services for rental properties.",Verified,+5  Years with us
14,E-World Estate,"Office#1, ist Bilal Arcade, Main PWD Road Pakistan Town Phase 1 Islamabad, Islamabad, Islamabad Capital Territory","E-World Estates is a full service real estate firm that acts as both advisors and operators. We develop, manage, and invest in real estate ventures and use that expertise to counsel our private and in...",Verified,+7  Years with us
15,FAM Marketing,"Suite No 1, 1st Floor, 18-D, Mushtaq Mansion, Fazal e Haq Road, Blue Area, Islamabad., Rawalpindi, Punjab",FAM Marketing Real Estate Marketing Agency FAM Marketing Private Limited is a renowned Real Estate marketing company in Pakistan giving its best for 18 years. We are an agency where you can find authe...,Verified,New Company
16,Haroon's Estate And Builders,"4-B, Jinnah Avenue, Bahria Town Karachi, Karachi, Sindh",Haroonâs Estate & Builders is one of the most trusted and the fastest growing real estate brand and consulting agencies in Pakistan. We take pride in being Bahria Townâs most acclaimed and genuine dea...,Verified,+5  Years with us
17,Kashmir Estate,"Main Civic Center, Bahria Town, Islamabad, Islamabad, Punjab","Established in 1987, Kashmir Estate stands on a solid foundation of over 30 years of experience with equity of unsurpassed goodwill in Real Estate. We have decades of experience in the management of c...",Verified,+6  Years with us
18,Khita.com.pk,"Daska Sialkot Road Citi Housing Society Commercial Area A block, Sialkot, Punjab",Buy and sell your dream Property with Khita.com.pk in Sialkot. Property Investment Consultant Property Management,Verified,New Company
19,Midas Realty,"4th Floor, Plaza 123 CC 10 Sector T, Phase 8 DHA Lahore, Lahore, Punjab","Midas Realty, A well-known real estate firm that serves thousands of individuals worldwide. Midas Realty works day and night to meet the satisfaction level of its customers. Midas Realty handles all c...",Verified,New Company
20,PakeProperty,"Office # 21,Crown Plaza Commercial Market,Chandni Chowk, Rawalpindi , Rawalpindi, Islamabad Capital Territory","PakeProperty, the leading property portal where you locate properties of interest in Karachi, Lahore, Islamabad and all over Pakistan.We are providing quality Houses, Properties , Apartments and Comme...",Verified,+6  Years with us
21,Pak Property,"Flat No. 08, block No. 09 Sector G-11/4, Islamabad, Islamabad Capital Territory","Pakproperty.org is an online portal for posting properties for rent, sale and purchase. The easiest interface and free premium features make it the most perfect property portal. What make it unique fr...",Verified,+5  Years with us
22,Platinum Marketing Co.,"32-B Zahoor Elahi Road Gulberg II Lahore, Lahore, Punjab",Platinum Marketing Co. is technology lead global real estate Marketing Company. We want to help people grow in their business. We have solid understanding of steps to help you achieving your business ...,Verified,+6  Years with us
23,Saad Ahsan Immigration Law Firm,"44 A, New Muslim Town Lahore Pakistan, Lahore, Punjab","CITIZENSHIP- RESIDENCY- IMMIGRATION Saad Ahsan Immigration Law Firm has a legacy of 16 years in the field of Legal Processing of citizenship and residency programs by investment. Over years, our compa...",Verified,New Company
24,Sector Land,"Gulberg Trade Centre, Business Park, Gulberg Greens Islamabad., Islamabad, Islamabad Capital Territory",Welcome to the fast-growing real estate company in Islamabad. Sector Land is providing real estate services of sale and purchase for 6 years.,Verified,New Company
25,Tagine Marketing,"Islamabad, Pakistan, Islamabad","We at Tagine Marketing Offers the best plots at a reasonable price in different Societies such as, New City Paradise, Century Town, Nova City",Not Verified,New Company
26,Al Noor Orchard Al Noor Orchard West Marina,"Al Noor Orchard, Sharqpur Road Sheikhupura, Motorway, Lahore, 54600, Lahore, Punjab","Al Noor Orchard is the premium Society in Lahore. Launch Bloks Al Noor Orchard West Marina, Marina Sports City, West Marina Executive Block, West Marina Cottages and Villas in Lahore Pakistan. Al Noor...",Verified,New Company
0,ASF Housing Scheme's,"Phase-2 (ExtØ 9-C 24th Commercial St, Phase 2 Commercial Area Defence Housing Authority, Karachi, 75500, Karachi, Sindh","ASF City, Karachi (ACK) has been conceived as ""The Sustainable Project of Pakistan"", which will serve as a model for the future independent cities of the country. The objective has been to plan and bu...",Verified,+4  Years with us
1,"Defence Developers Lahore | Houses & Plots For Sale in DHA Lahore Phase 7, 8, 9","35-Z, Phase 3, Commercial, DHA Lahore Cantt., Lahore, Punjab","At Defence Developers Lahore we will provide your complete information and guidelines to buy residential or commercial property in DHA Lahore. Fully furnished homes, Plots and Commercial properties ar...",Verified,+7  Years with us
2,Gulberg Islamabad,"Gulberg Greens Islamabad, Islamabad, Islamabad Capital Territory","Gulberg Housing Scheme Islamabad, also known as IBECHS Phase 3, is a housing scheme by Intelligence Bureau Cooperative Housing Scheme (IBECHS). Located at the prime location of main Islamabad Expressw...",Verified,+5  Years with us
3,Homeland Enterprises,"Office no#17, King Palm Residency, Block-3A, Gulistan-e-Jauhar, Karachi., Karachi, Sindh","Homeland Enterprises is an all-rounder Real Estate company which gives you all the information about Homes for sale, Apartments for rent, Neighborhood insight, market trends which will help you to fin...",Verified,+4  Years with us
4,Karachi Hills,"M9 Motorway, between DHA City & Naval Anchorage, Hyderabad, Sindh","For contemporary & sustainable development in the Housing Sector, with high-class infrastructure on modern lines and to provide the improved and enhanced lifestyle to the society by the name of âKarac...",Verified,+4  Years with us
5,Keystone Properties,"47-T Gulberg II Lahore-54660 Pakistan, Lahore, Punjab","Keystone Properties develops, owns and manages real estate properties. Projects of interest for Keystone include luxury hospitality, chic residences, elegant offices and sophisticated specialty malls....",Verified,New Company
6,Nova Homes,"203 DSW Main Canal Bank Road, Near Wafaqi Colony Opposite Jinnah Hospital, Multan, Sindh","Nova Homes Multan has (Alhamdulillah) been a running success ever since the projectâs inception. We have sold a total of 26 villas prior to the launch event. Of these, 20 villas are under construction...",Verified,+5  Years with us
7,Property Channel,"Office #27, Commercial Market, Bahria Nasheman, Lahore, Punjab",Property Channel is the best and most experienced real estate agent in Lahore offering services to buy property in Pakistan. Trust us to buy plots in dha Lahore. Property Channel is one of the most co...,Verified,+7  Years with us
8,Realestate,"Executive Heights, 65 West, AK Fazl ul Haq Road, Blue Area, Islamabad, Islamabad",Prime Valley is a residential development by Naya Pakistan Housing Society. Located Chakri Road near M-2 Motorway and Ring Road Rawalpindi.,Not Verified,New Company
9,Smartaraazi,"F 11 Markaz F-11, Islamabad, Islamabad Capital Territory, Lahore, Islamabad Capital Territory",Pakistanâs second smart city is Lahore Smart City. Lahore Smart City is an upcoming mega real estate project developed in Punjabâs provincial capitalâs growing urban landscape. Lahore Smart City has s...,Verified,New Company
10,SparkSmart City,"Spark smart city is Located on Motorway (M2) with close access with new Islamabad International Airport and twins Cities., Islamabad, Islamabad Capital Territory","Spark Marketing is a real estate marketing agency in Islamabad aims to provide investors in the city with creative and tailor-made investment solutions that make it simple for clients, businesses, and...",Verified,New Company
11,Top SerZameen Builder & Devoloper PVT LTD,"Kapra Center Main G.T Road Bahria Phase 1-6 Entrance Bahria Town Rawalpindi , 46220, Rawalpindi",We connects buyers with sellers and tenants with landlords for highly user-friendly real estate experience. The extensive listings and projects on offer provide something for everyone when it comes to...,Not Verified,New Company
0,Zameen For You,"20 -A Faiz Road Old Mulsim., Lahore, Punjab",Zameen for you is the Pakistanâs largest online Real Estate Portal-Providing best Property services for buyerâs sellerâs landlords and all type of real estate agents.,Verified,+4  Years with us
1,Bhatti Brothers DHA Real Estate,"Street 130 D.H.A. Phase 1, Lahore, Lahore District, Punjab, Lahore, Punjab","Bhatti Brothers is Best property agency in DHA Lahore. It deals in all types Properties like house, plots,commercial Plats.It serving from years.",Verified,+6  Years with us
2,Cheap Plots in DHA Lahore - Great Real Estate,"2nd floor, 58-K Commercial Phase 1 DHA, Lahore, Pakistan, Lahore, Punjab",Great Real Estate is working as a real estate agency in DHA Lahore form a decade. We have high scope in DHA Lahore including all extensions of DHA and phases. They make sure to make the process of buy...,Verified,+4  Years with us
3,Nasar Estate,"Wapda Town Lahore, Lahore, Punjab","Nasar Estate is real estate base company established in Lahore. We are serving people since last sixteen years. We offer the services of Plots (Commercial and Non-Commercial), Houses for sale and purc...",Verified,+6  Years with us
4,Two Roads Abode,2024 N 1100 East Road,"Two Roads Abode is a vacation rental home conveniently located mid-way between Assumption, Shelbyville, and Pana Illinois and we often serve guests looking for a Lake Shelbyville vacation rental home ...",Verified,+8  Years with us
5,Chukhat.com,"Gulberg lahore, Lahore, Punjab","Chukhat.com by Bonjour Media (LTD) is the Pakistan first geolocation based most comprehensive property website, focused on empowering users with the resources they need to make better-informed propert...",Verified,+6  Years with us
6,DHA Lahore Realestate,"30-T commercial phase 2 DHA Lahore, Pakistan, Lahore, Punjab","We deal in DHA Islamabad, Lahore, Karachi. Bahria Town Islamabad, Rawalpindi and Lahore. Contact us for rent, buying or selling properties in Pakistan especially in cities Lahore, Karachi, Islamabad. ...",Verified,+9  Years with us
